{"train/loss": 0.0003983582369869509, "train/learning_rate": 0.0, "val/top1_accuracy": 0.810077519379845, "val/top5_accuracy": 0.9302325581395349, "_timestamp": 1679356886.3496842, "_runtime": 394.40869331359863, "_step": 0, "_wandb": {"runtime": 526}}