{"train/loss": 0.2648734897375107, "train/learning_rate": 0.0, "val/top1_accuracy": 0.7131782945736435, "val/top5_accuracy": 0.8992248062015504, "_timestamp": 1678925159.9313066, "_runtime": 347.977769613266, "_step": 0, "_wandb": {"runtime": 386}}