{"train/loss": 2.4698639754205944e-05, "train/learning_rate": 0.0, "val/top1_accuracy": 0.810077519379845, "val/top5_accuracy": 0.9263565891472868, "_timestamp": 1678926872.673173, "_runtime": 342.33451890945435, "_step": 0, "_wandb": {"runtime": 378}}