{"train/loss": 2.384185648907078e-08, "train/learning_rate": 6.25e-05, "val/top1_accuracy": 0.7945736434108527, "val/top5_accuracy": 0.937984496124031, "_timestamp": 1679369541.0898883, "_runtime": 3291.3284833431244, "_step": 8, "_wandb": {"runtime": 3375}}