{"train/loss": 2.440000224113464, "train/learning_rate": 0.0, "val/top1_accuracy": 0.8449612403100775, "val/top5_accuracy": 0.9302325581395349, "_timestamp": 1678914701.536763, "_runtime": 354.9902489185333, "_step": 0, "_wandb": {"runtime": 385}}